{"cameraMode":{"drawMode":0,"name":"Shaded","section":"Shading Mode"},"sceneLighting":false,"audioPlay":false,"sceneViewState":{"m_AlwaysRefresh":false,"showFog":true,"showSkybox":false,"showFlares":true,"showImageEffects":true,"showParticleSystems":true,"showVisualEffectGraphs":true,"m_FxEnabled":true},"in2DMode":false,"pivot":{"x":0.6399793028831482,"y":-0.33149564266204836,"z":-0.37962180376052859},"rotation":{"x":0.006933182943612337,"y":0.8358738422393799,"z":-0.009700044989585877,"w":0.5491153001785278},"size":1.3679512739181519,"orthographic":false}